{"cameraMode":{"drawMode":0,"name":"Shaded","section":"Shading Mode"},"sceneLighting":true,"audioPlay":false,"sceneViewState":{"showFog":true,"showMaterialUpdate":false,"showSkybox":true,"showFlares":true,"showImageEffects":true,"showParticleSystems":true},"in2DMode":false,"pivot":{"x":-4.340450763702393,"y":-4.10371208190918,"z":-1.8330879211425782},"rotation":{"x":0.2787250578403473,"y":0.015469064004719258,"z":-0.004467666149139404,"w":0.9602493643760681},"size":42.923492431640628,"orthographic":false}